{"title": "Babylon", "revision": "MarshNguyen", "sequenced": true, "format": 3, "author": "Đào Công Tiến", "url": "", "description": "mtBab VE Edition 1.0 là bộ từ điển Việt-Anh dành cho Babylon (version 6, 7). Mong muốn mang lại một bộ từ điển có giá trị cho cộng đồng người Việt Nam và tận dụng được những tính năng thân thiện, hữu ích của bộ phần mềm Babylon Translator đã là động lực giúp tôi build thành công bộ từ điển này. Hi vọng các bạn cảm thấy hài lòng khi sử dụng mtBab VE Edition.<BR><BR>Xin cám ơn nhiều!<BR><B>&copy;2008, Đào Công Tiến</B>"}